{
    "timestamp": "2026-01-08T21:18:30.931710+00:00",
    "ridge": {
        "rmse": 0.2462579126759104,
        "mae": 0.11262929039048747,
        "alpha": 1.0
    },
    "linear": {
        "rmse": 0.2462578204117775,
        "mae": 0.11262976176118368
    }
}